{
    "$schema": "https://schema.management.azure.com/schemas/2015-01-01/deploymentParameters.json#",
    "contentVersion": "1.0.0.0",
    "parameters": {
        "vulnerabilityAssessments_Default_storageContainerPath": {
            "value": null
        },
        "servers_db1_server_name": {
            "value": null
        },
        "sites_syskitwebapp11_name": {
            "value": null
        },
        "sites_syskitwebapp22_name": {
            "value": null
        },
        "sites_syskitwebapp33_name": {
            "value": null
        },
        "sites_syskitwebapp44_name": {
            "value": null
        },
        "virtualNetworks_VN_1_name": {
            "value": null
        },
        "privateEndpoints_pe_db_name": {
            "value": null
        },
        "serverfarms_ASP_SysKitZadatak_b5d3_name": {
            "value": null
        },
        "privateDnsZones_privatelink_database_windows_net_name": {
            "value": null
        }
    }
}